<beans xmlns="http://www.springframework.org/schema/beans"
xmlns:xsi="http://www.w3.org/2001/XMLSchema-instance"
xsi:schemaLocation="http://www.springframework.org/schema/beans
http://www.springframework.org/schema/beans/spring-beans-3.0.xsd">

	<bean id="restaurantBean" class="org.gontuseries.springcore.Restaurant" init-method="init" destroy-method="destroy">
	</bean>
	
	<bean class="org.gontuseries.springcore.DemoBeanPostProcessor1">
		<property name="order" value="1" />
	</bean>
	
	<bean class="org.gontuseries.springcore.DemoBeanPostProcessor2">
		<property name="order" value="0" />
	</bean>

</beans>